dataset,time,number-clusters,silhouette,davies-bouldin,calinski-harabasz
tab-12.csv,1.4442031383514404,2,0.6454500468156666,0.3888472093227157,167.25734832778647
tab-14.csv,1.7066905498504639,3,0.8715202095598574,0.012993432185978803,2099.371389439481
tab-15.csv,1.8933582305908203,2,0.8328107092131133,0.2208152332700728,154.95938472159696
tab-35.csv,1.8071434497833252,2,0.832488923181761,0.12870393503382455,12.057692307692308
tab-36.csv,1.8220250606536865,2,1.0,0.0,6.490371073168533e+33
tab-37.csv,2.0859997272491455,2,0.5591578650441524,1.0474340810912441,14.585013587355613
tab-38.csv,1.9641926288604736,2,0.6716811100379496,0.20379879385705046,11.135468622556077
tab-42.csv,2.007995367050171,2,0.5997358131741004,0.2610741989041254,8.04019424019205
tab-45.csv,1.979459524154663,2,0.5777703865606981,0.28030978055169004,6.786998057498833
tab-47.csv,1.9663605690002441,2,0.7164702598976661,0.16843010447632967,16.28777973024894
tab-94.csv,1.7634973526000977,2,0.793345233900672,0.03338472156586937,483.9439408043051
21100183.csv,2.1360960006713867,2,0.5522139496585461,0.35512293353794766,14.871082823664548
21100245.csv,1.9042742252349854,3,1.0,0.0,1.0
artpublic.csv,2.5183050632476807,2,0.321222890169977,0.5269682101219546,3.0940312389394995
ccsf_en.csv,5.870012044906616,2,0.5198614044770296,0.3424459488119424,5.8028991487576835
dados.csv,318.5108103752136,668,1.0,0.0,9.252584630222437e+34
covid-line-list.csv,26.223365306854248,2,0.659945553683827,1.0621852183718143,63.65729053345294
estimations.csv,2.602998733520508,2,0.7470085470085474,0.37500001912915376,48.561872909699005
liz-friedman-covid.csv,2.187932252883911,2,0.7066558193613629,0.4198461730617953,89.89023026038517
Crime1.csv,93.06099200248718,9,0.013016172555502751,4.196549596217597,23.206691473843442
accidental_deaths.csv,6.437751054763794,2,0.41953334069228426,0.422962310272316,3.5465203427479723
children_injured.csv,6.115113258361816,2,0.5613282727211307,0.2993859029322663,6.432115915127799
children_killed.csv,5.595594644546509,2,0.5334135600189974,0.3218833680786364,5.630514520637944
knifecrime2.csv,39.18639850616455,2,0.5079912873136635,0.5489155815852662,274.56252401796417
teens_injured.csv,5.435491323471069,2,0.6390776772095794,0.2380184370083948,8.481400213738748
teens_killed.csv,5.453758001327515,2,0.5469230693974481,0.3109154637018508,6.018540899458284
39100009-000000.csv,6.395550489425659,2,0.7317998837260289,0.18632064537505844,14.242192168757137
39100009-000001.csv,5.4812171459198,2,0.6092800861392359,0.27776058468990295,6.367003202600406
39100009-000002.csv,5.2231605052948,2,0.5508736336545778,0.32100667324671533,4.676838340938548
39100009-000003.csv,5.3178675174713135,2,0.5751194520928289,0.3013206195390818,5.242449240083585
39100009-000004.csv,7.513427734375,2,0.7828969882740412,0.1518444099510996,20.861648444712003
39100009-000005.csv,5.104966163635254,2,0.5513398020372506,0.31915775712590483,4.670078117258783
39100009-000006.csv,5.195356845855713,2,0.5428380127217521,0.3290715648970259,4.692300450860993
39100009-000007.csv,2.6135878562927246,2,0.4545701149035892,1.0037873922625882,15.446916443220521
39100011.csv,2.086888313293457,2,1.0,0.0,4.0122293906860025e+33
39100016.csv,3.7972795963287354,2,0.9133799243344484,0.11507087492003362,477.4852941176461
39100019.csv,1.9695534706115723,2,1.0,0.0,2.096889115946758e+33
39100020.csv,3.7574737071990967,2,0.39659188466613393,0.4604828341446247,5.439609527140327
39100021.csv,4.391637563705444,2,0.47002816357134813,0.3863762610039384,3.9229802381093366
39100029.csv,1.9637508392333984,2,-1.0,inf,0.0
39100033.csv,2.070991039276123,3,-1.0,inf,0.0
39100037.csv,28.153823375701904,2,0.6897416850277067,0.27981370153115354,368.84348344332494
39100038.csv,2.112398862838745,2,1.0,0.0,2.096889115946758e+33
tag00120.csv,5.80891227722168,2,0.34651800056735915,0.5028367275847232,3.170592443527011
32100004.csv,9.593007326126099,2,0.5089513754571069,1.382649613884891,301.0893599334665
32100009.csv,115.16944909095764,2,0.19624626284229818,1.3639914755495681,172.65643979734247
32100010.csv,84.8808901309967,2,0.7330441480686026,1.0794305908483195,1072.7964397747735
32100020.csv,118.31133937835693,282,0.9999999983695741,3.292959141314731e-08,1.227660823735252e+31
32100024.csv,12.931167125701904,2,0.3090407527842662,1.0756389941766518,173.60951429318465
32100027.csv,10.931393384933472,2,0.5643342674049997,0.7240474874866807,318.12076098809433
32100030.csv,8.871121883392334,42,1.0,0.0,3.2394361921296953e+31
32100084.csv,33.946171045303345,2,0.48634991714308157,1.1098313137523803,790.9999999999998
32100166.csv,36.95516633987427,2,1.0,0.0,7.314545177697883e+31
32100192.csv,11.308099031448364,2,0.43996097189157546,1.057157918935798,359.99438202247075
co2-nuts-2.csv,2.6742405891418457,2,0.563033923855664,0.3961023736363823,9641.714756466008
med_en1.csv,1.7105467319488525,2,0.7269569745380268,0.020337467553678535,1074.542842636022
med_en2.csv,1.9328229427337646,2,0.7397093500205938,0.5479496649097066,37.753449532135434
t2020_30.csv,1.9386918544769287,2,0.6111195752513496,0.24856265427296784,11.611492319626949
videos_utf8.csv,37.70998167991638,2,0.4713709193291755,0.3831379783746402,4.84346692657923
both_sexes.csv,1.9056406021118164,2,0.6970878380176632,0.33258297712941626,39.434762265215525
divorce.csv,1.8353190422058105,2,0.9999972986142412,2.2563068673042135e-06,363409870515.50726
men.csv,2.085216760635376,2,0.7346484503011149,0.30082656219873444,50.62272820124364
women.csv,2.0684282779693604,2,0.7115994719436783,0.3163407447209015,44.60745621626697
B-9.csv,3.3262782096862793,2,0.625792162913423,0.5196576541388829,1154.4539835178175
C-6.csv,3.4753904342651367,2,0.9895146034012551,0.14600353245256595,9253.405442328187
D-1.csv,3.3922693729400635,2,0.9965318562057188,0.0006451783930597115,82520.66430407495
E-7.csv,3.4582371711730957,2,0.9893423718275509,0.12519428991643716,10286.334950699758
F-4.csv,3.5294604301452637,2,0.9965106059439633,0.0006614198851936645,75670.13491554657
G-3.csv,3.3365871906280518,2,0.9882767553044376,0.24984055677963096,4621.555124320933
H-1.csv,50.068875312805176,2,0.8972950574401324,0.5251702765984537,8864.489816858919
H-2.csv,48.57980728149414,2,0.8964193075995959,0.5284019634343522,8727.413819686853
H-3.csv,54.328999757766724,2,0.8883662687876621,0.5388401350271698,8445.521939803033
H-4.csv,54.63998770713806,3,0.9030346402443523,0.5134983315721395,9249.749761129393
J-1.csv,52.73549795150757,2,0.8876531212031512,0.5468956442985348,8182.756120553465
J-2.csv,50.494709968566895,2,0.9269512368986514,0.48216621787121006,9874.94888246239
J-3.csv,50.09803891181946,2,0.8901763903150176,0.5414251883480671,8342.407325736902
J-4.csv,52.279967308044434,2,0.9061280038146633,0.5125715594246474,9208.241641036453
K-6.csv,53.55704736709595,2,0.9132531832996639,0.5061219662408541,9372.972679884511
K-7.csv,50.24183988571167,10,0.6006553945371642,1.5690160320534936,1515.1938701877907
K-8.csv,51.95124077796936,2,0.8954795698613024,0.5236557960976514,8884.330214584254
K-9.csv,54.46248173713684,2,0.9081847837906687,0.5052347014987564,9457.514852092649
Z-1.csv,50.8554208278656,2,0.9695493079970229,1.1860931091791609,327.5525946249999
Z-2.csv,50.994272232055664,2,0.27804987874586773,1.342626002241852,1251.7902068388955
37100078.csv,2.72822904586792,2,0.4916914407149545,0.8014197430296875,48.468907988318804
37100141.csv,2.6378486156463623,2,0.6804431172168495,0.32119926944339156,72.12764782822993
CS_ANG.csv,1.8476536273956299,3,0.8888888888888888,0.0,2.555583610060111e+33
13100166.csv,8.113454818725586,2,0.7248490736626292,0.25891650418093565,63.602379697575586
13100169.csv,6.113229990005493,2,0.5439582454809019,0.7307648549470415,413.4057770511659
13100170.csv,25.164139986038208,2,0.8416011108191447,0.692458188743986,701.2646573153927
13100172.csv,6.735795974731445,2,0.697507634072878,0.3564779287977158,1155.9099319393156
13100173.csv,7.525277614593506,45,-1.0,inf,0.0
34100282.csv,129.36548590660095,365,1.0,1.822630811148871e-08,2.049784965616163e+31
37100004.csv,72.00362658500671,2,0.37851978849237167,0.8864432675730642,405.0658930287777
37100005.csv,58.41091275215149,2,0.520622546367053,0.5133162107496353,210.0585919296315
37100006.csv,65.54603433609009,2,0.6027623864615517,0.3510691573141222,245.5723406605953
jan-feb-foils.csv,2.9261374473571777,2,0.27308923783542544,0.579296654415578,2.691645988547562
DailyUsage.csv,1.4805018901824951,2,-1.0,inf,0.0
csv-4.csv,1.3485050201416016,3,0.8258443152201381,0.07805932926877159,50.056435458261745
eduroam.csv,1.5830209255218506,2,0.8407584246360855,0.11695928654096349,15.117647058823529
geojson-2.csv,1.8477215766906738,2,0.9033176149576231,0.07128171653754718,26.071428571428577
json-5.csv,1.8882856369018555,3,0.9642857142857143,0.0,3.8888807747050974e+33
